Source,Target,consensus,consistency,weight,distance
AAB,ARG,1.0,1.0,1,1.0
AAB,BAR,1.0,1.0,2,0.5
AAB,BHM,1.0,1.0,1,1.0
AAB,BLZ,1.0,1.0,1,1.0
AAB,BOL,1.0,1.0,1,1.0
AAB,BRA,1.0,1.0,1,1.0
AAB,CAN,1.0,1.0,1,1.0
AAB,CHL,1.0,1.0,1,1.0
AAB,COL,1.0,1.0,1,1.0
AAB,COS,1.0,1.0,1,1.0
AAB,DMA,1.0,1.0,3,0.3333333333333333
AAB,DOM,1.0,1.0,1,1.0
AAB,ECU,1.0,1.0,1,1.0
AAB,GRN,1.0,1.0,2,0.5
AAB,GUA,1.0,1.0,1,1.0
AAB,GUY,1.0,1.0,1,1.0
AAB,HAI,1.0,1.0,1,1.0
AAB,HON,1.0,1.0,1,1.0
AAB,JAM,1.0,1.0,1,1.0
AAB,MEX,1.0,1.0,1,1.0
AAB,NIC,1.0,1.0,1,1.0
AAB,PAN,1.0,1.0,1,1.0
AAB,PAR,1.0,1.0,1,1.0
AAB,PER,1.0,1.0,1,1.0
AAB,SAL,1.0,1.0,1,1.0
AAB,SKN,1.0,1.0,3,0.3333333333333333
AAB,SLU,1.0,1.0,3,0.3333333333333333
AAB,SUR,1.0,1.0,1,1.0
AAB,SVG,1.0,1.0,3,0.3333333333333333
AAB,TRI,1.0,1.0,1,1.0
AAB,URU,1.0,1.0,1,1.0
AAB,USA,0.91,0.8200000000000001,1,1.0
AAB,VEN,1.0,1.0,1,1.0
AFG,CHN,1.0,1.0,1,1.0
AFG,IRN,1.0,1.0,1,1.0
AFG,PAK,1.0,1.0,1,1.0
AFG,TAJ,1.0,1.0,1,1.0
AFG,TKM,1.0,1.0,1,1.0
AFG,UZB,1.0,1.0,1,1.0
ALB,BUL,1.0,1.0,1,1.0
ALB,TUR,0.84,0.6799999999999999,1,1.0
ALG,BAH,1.0,1.0,2,0.5
ALG,DJI,1.0,1.0,1,1.0
ALG,EGY,1.0,1.0,2,0.5
ALG,IRQ,1.0,1.0,2,0.5
ALG,JOR,1.0,1.0,2,0.5
ALG,KUW,1.0,1.0,2,0.5
ALG,LEB,1.0,1.0,2,0.5
ALG,LIB,1.0,1.0,3,0.3333333333333333
ALG,MAA,1.0,1.0,2,0.5
ALG,MOR,1.0,1.0,3,0.3333333333333333
ALG,OMA,1.0,1.0,1,1.0
ALG,QAT,1.0,1.0,2,0.5
ALG,SAU,1.0,1.0,2,0.5
ALG,SOM,1.0,1.0,2,0.5
ALG,SUD,1.0,1.0,2,0.5
ALG,SYR,1.0,1.0,2,0.5
ALG,TUN,1.0,1.0,3,0.3333333333333333
ALG,UAE,1.0,1.0,2,0.5
ALG,YEM,1.0,1.0,2,0.5
ANG,BUI,1.0,1.0,2,0.5
ANG,CAO,1.0,1.0,1,1.0
ANG,CEN,1.0,1.0,2,0.5
ANG,CHA,1.0,1.0,1,1.0
ANG,CON,1.0,1.0,2,0.5
ANG,DRC,1.0,1.0,2,0.5
ANG,EQG,1.0,1.0,1,1.0
ANG,GAB,1.0,1.0,1,1.0
ANG,KEN,1.0,1.0,1,1.0
ANG,RWA,1.0,1.0,2,0.5
ANG,STP,1.0,1.0,1,1.0
ANG,SUD,0.0,1.0,1,1.0
ANG,TAZ,1.0,1.0,1,1.0
ANG,UGA,1.0,1.0,1,1.0
ANG,ZAM,1.0,1.0,1,1.0
ARG,BAR,1.0,1.0,1,1.0
ARG,BHM,1.0,1.0,1,1.0
ARG,BLZ,1.0,1.0,1,1.0
ARG,BOL,1.0,1.0,1,1.0
ARG,BRA,1.0,1.0,1,1.0
ARG,CAN,1.0,1.0,1,1.0
ARG,CHL,1.0,1.0,3,0.3333333333333333
ARG,COL,1.0,1.0,1,1.0
ARG,COS,1.0,1.0,1,1.0
ARG,DMA,1.0,1.0,1,1.0
ARG,DOM,1.0,1.0,1,1.0
ARG,ECU,1.0,1.0,1,1.0
ARG,GRN,1.0,1.0,1,1.0
ARG,GUA,1.0,1.0,1,1.0
ARG,GUY,1.0,1.0,1,1.0
ARG,HAI,1.0,1.0,1,1.0
ARG,HON,1.0,1.0,1,1.0
ARG,JAM,1.0,1.0,1,1.0
ARG,MEX,1.0,1.0,1,1.0
ARG,NIC,1.0,1.0,1,1.0
ARG,PAN,1.0,1.0,1,1.0
ARG,PAR,1.0,1.0,1,1.0
ARG,PER,1.0,1.0,1,1.0
ARG,SAL,1.0,1.0,1,1.0
ARG,SKN,1.0,1.0,1,1.0
ARG,SLU,1.0,1.0,1,1.0
ARG,SUR,1.0,1.0,1,1.0
ARG,SVG,1.0,1.0,1,1.0
ARG,TRI,1.0,1.0,1,1.0
ARG,URU,1.0,1.0,1,1.0
ARG,USA,0.91,0.8200000000000001,1,1.0
ARG,VEN,1.0,1.0,1,1.0
ARM,AZE,1.0,1.0,2,0.5
ARM,BLR,1.0,1.0,2,0.5
ARM,GRG,1.0,1.0,2,0.5
ARM,KYR,1.0,1.0,2,0.5
ARM,KZK,1.0,1.0,2,0.5
ARM,MLD,1.0,1.0,1,1.0
ARM,RUS,1.0,1.0,3,0.3333333333333333
ARM,TAJ,1.0,1.0,2,0.5
ARM,TKM,1.0,1.0,1,1.0
ARM,UKR,1.0,1.0,2,0.5
ARM,UZB,1.0,1.0,2,0.5
AUL,USA,1.0,1.0,1,1.0
AZE,BLR,1.0,1.0,2,0.5
AZE,GRG,1.0,1.0,2,0.5
AZE,IRN,1.0,1.0,1,1.0
AZE,KYR,1.0,1.0,2,0.5
AZE,KZK,1.0,1.0,2,0.5
AZE,MLD,1.0,1.0,1,1.0
AZE,RUS,1.0,1.0,2,0.5
AZE,TAJ,1.0,1.0,2,0.5
AZE,TKM,1.0,1.0,1,1.0
AZE,TUR,0.0,1.0,1,1.0
AZE,UKR,1.0,1.0,1,1.0
AZE,UZB,1.0,1.0,2,0.5
BAH,DJI,1.0,1.0,1,1.0
BAH,EGY,1.0,1.0,2,0.5
BAH,IRQ,1.0,1.0,2,0.5
BAH,JOR,1.0,1.0,2,0.5
BAH,KUW,1.0,1.0,3,0.3333333333333333
BAH,LEB,1.0,1.0,2,0.5
BAH,LIB,1.0,1.0,2,0.5
BAH,MAA,1.0,1.0,1,1.0
BAH,MOR,1.0,1.0,2,0.5
BAH,OMA,1.0,1.0,2,0.5
BAH,QAT,1.0,1.0,3,0.3333333333333333
BAH,SAU,1.0,1.0,3,0.3333333333333333
BAH,SOM,1.0,1.0,2,0.5
BAH,SUD,1.0,1.0,2,0.5
BAH,SYR,1.0,1.0,2,0.5
BAH,TUN,1.0,1.0,2,0.5
BAH,UAE,1.0,1.0,3,0.3333333333333333
BAH,YEM,1.0,1.0,2,0.5
BAR,BHM,1.0,1.0,1,1.0
BAR,BLZ,1.0,1.0,1,1.0
BAR,BOL,1.0,1.0,1,1.0
BAR,BRA,1.0,1.0,1,1.0
BAR,CAN,1.0,1.0,1,1.0
BAR,CHL,1.0,1.0,1,1.0
BAR,COL,1.0,1.0,1,1.0
BAR,COS,1.0,1.0,1,1.0
BAR,DMA,1.0,1.0,2,0.5
BAR,DOM,1.0,1.0,1,1.0
BAR,ECU,1.0,1.0,1,1.0
BAR,GRN,1.0,1.0,2,0.5
BAR,GUA,1.0,1.0,1,1.0
BAR,GUY,1.0,1.0,1,1.0
BAR,HAI,1.0,1.0,1,1.0
BAR,HON,1.0,1.0,1,1.0
BAR,JAM,1.0,1.0,1,1.0
BAR,MEX,1.0,1.0,1,1.0
BAR,NIC,1.0,1.0,1,1.0
BAR,PAN,1.0,1.0,1,1.0
BAR,PAR,1.0,1.0,1,1.0
BAR,PER,1.0,1.0,1,1.0
BAR,SAL,1.0,1.0,1,1.0
BAR,SKN,1.0,1.0,2,0.5
BAR,SLU,1.0,1.0,2,0.5
BAR,SUR,1.0,1.0,1,1.0
BAR,SVG,1.0,1.0,2,0.5
BAR,TRI,1.0,1.0,1,1.0
BAR,URU,1.0,1.0,1,1.0
BAR,USA,0.91,0.8200000000000001,1,1.0
BAR,VEN,1.0,1.0,1,1.0
BEL,CAN,0.0,1.0,1,1.0
BEL,CZR,1.0,1.0,1,1.0
BEL,DEN,1.0,1.0,1,1.0
BEL,FRN,1.0,1.0,2,0.5
BEL,GMY,1.0,1.0,1,1.0
BEL,GRC,1.0,1.0,2,0.5
BEL,HUN,1.0,1.0,1,1.0
BEL,ICE,1.0,1.0,1,1.0
BEL,ITA,1.0,1.0,2,0.5
BEL,LUX,1.0,1.0,2,0.5
BEL,NOR,1.0,1.0,1,1.0
BEL,NTH,1.0,1.0,2,0.5
BEL,POL,1.0,1.0,1,1.0
BEL,POR,1.0,1.0,2,0.5
BEL,SPN,1.0,1.0,2,0.5
BEL,TUR,1.0,1.0,1,1.0
BEL,UKG,1.0,1.0,2,0.5
BEL,USA,0.09,0.8200000000000001,1,1.0
BEN,BFO,1.0,1.0,1,1.0
BEN,CAP,1.0,1.0,1,1.0
BEN,CDI,1.0,1.0,1,1.0
BEN,GAM,1.0,1.0,1,1.0
BEN,GHA,1.0,1.0,1,1.0
BEN,GNB,1.0,1.0,1,1.0
BEN,GUI,1.0,1.0,1,1.0
BEN,LBR,1.0,1.0,1,1.0
BEN,MLI,1.0,1.0,1,1.0
BEN,NIG,1.0,1.0,1,1.0
BEN,NIR,1.0,1.0,1,1.0
BEN,SEN,1.0,1.0,1,1.0
BEN,SIE,1.0,1.0,1,1.0
BEN,TOG,1.0,1.0,1,1.0
BFO,CAP,1.0,1.0,1,1.0
BFO,CDI,1.0,1.0,1,1.0
BFO,GAM,1.0,1.0,1,1.0
BFO,GHA,1.0,1.0,1,1.0
BFO,GNB,1.0,1.0,1,1.0
BFO,GUI,1.0,1.0,1,1.0
BFO,LBR,1.0,1.0,1,1.0
BFO,MLI,1.0,1.0,1,1.0
BFO,NIG,1.0,1.0,1,1.0
BFO,NIR,1.0,1.0,1,1.0
BFO,SEN,1.0,1.0,1,1.0
BFO,SIE,1.0,1.0,1,1.0
BFO,TOG,1.0,1.0,1,1.0
BHM,BLZ,1.0,1.0,1,1.0
BHM,BOL,1.0,1.0,1,1.0
BHM,BRA,1.0,1.0,1,1.0
BHM,CAN,1.0,1.0,1,1.0
BHM,CHL,1.0,1.0,1,1.0
BHM,COL,1.0,1.0,1,1.0
BHM,COS,1.0,1.0,1,1.0
BHM,DMA,1.0,1.0,1,1.0
BHM,DOM,1.0,1.0,1,1.0
BHM,ECU,1.0,1.0,1,1.0
BHM,GRN,1.0,1.0,1,1.0
BHM,GUA,1.0,1.0,1,1.0
BHM,GUY,1.0,1.0,1,1.0
BHM,HAI,1.0,1.0,1,1.0
BHM,HON,1.0,1.0,1,1.0
BHM,JAM,1.0,1.0,1,1.0
BHM,MEX,1.0,1.0,1,1.0
BHM,NIC,1.0,1.0,1,1.0
BHM,PAN,1.0,1.0,1,1.0
BHM,PAR,1.0,1.0,1,1.0
BHM,PER,1.0,1.0,1,1.0
BHM,SAL,1.0,1.0,1,1.0
BHM,SKN,1.0,1.0,1,1.0
BHM,SLU,1.0,1.0,1,1.0
BHM,SUR,1.0,1.0,1,1.0
BHM,SVG,1.0,1.0,1,1.0
BHM,TRI,1.0,1.0,1,1.0
BHM,URU,1.0,1.0,1,1.0
BHM,USA,0.91,0.8200000000000001,1,1.0
BHM,VEN,1.0,1.0,1,1.0
BLR,BUL,0.16,0.6799999999999999,1,1.0
BLR,GRG,1.0,1.0,2,0.5
BLR,KYR,1.0,1.0,2,0.5
BLR,KZK,1.0,1.0,2,0.5
BLR,LIT,1.0,1.0,1,1.0
BLR,MLD,1.0,1.0,1,1.0
BLR,POL,0.0,1.0,1,1.0
BLR,RUS,1.0,1.0,4,0.25
BLR,TAJ,1.0,1.0,2,0.5
BLR,TKM,1.0,1.0,1,1.0
BLR,UKR,1.0,1.0,1,1.0
BLR,UZB,1.0,1.0,2,0.5
BLZ,BOL,1.0,1.0,1,1.0
BLZ,BRA,1.0,1.0,1,1.0
BLZ,CAN,1.0,1.0,1,1.0
BLZ,CHL,1.0,1.0,1,1.0
BLZ,COL,1.0,1.0,1,1.0
BLZ,COS,1.0,1.0,1,1.0
BLZ,DMA,1.0,1.0,1,1.0
BLZ,DOM,1.0,1.0,1,1.0
BLZ,ECU,1.0,1.0,1,1.0
BLZ,GRN,1.0,1.0,1,1.0
BLZ,GUA,1.0,1.0,1,1.0
BLZ,GUY,1.0,1.0,1,1.0
BLZ,HAI,1.0,1.0,1,1.0
BLZ,HON,1.0,1.0,1,1.0
BLZ,JAM,1.0,1.0,1,1.0
BLZ,MEX,1.0,1.0,1,1.0
BLZ,NIC,1.0,1.0,1,1.0
BLZ,PAN,1.0,1.0,1,1.0
BLZ,PAR,1.0,1.0,1,1.0
BLZ,PER,1.0,1.0,1,1.0
BLZ,SAL,1.0,1.0,1,1.0
BLZ,SKN,1.0,1.0,1,1.0
BLZ,SLU,1.0,1.0,1,1.0
BLZ,SUR,1.0,1.0,1,1.0
BLZ,SVG,1.0,1.0,1,1.0
BLZ,TRI,1.0,1.0,1,1.0
BLZ,URU,1.0,1.0,1,1.0
BLZ,USA,0.91,0.8200000000000001,1,1.0
BLZ,VEN,1.0,1.0,1,1.0
BOL,BRA,1.0,1.0,1,1.0
BOL,CAN,1.0,1.0,1,1.0
BOL,CHL,1.0,1.0,1,1.0
BOL,COL,1.0,1.0,1,1.0
BOL,COS,1.0,1.0,1,1.0
BOL,DMA,1.0,1.0,1,1.0
BOL,DOM,1.0,1.0,1,1.0
BOL,ECU,1.0,1.0,2,0.5
BOL,GRN,1.0,1.0,1,1.0
BOL,GUA,1.0,1.0,1,1.0
BOL,GUY,1.0,1.0,1,1.0
BOL,HAI,1.0,1.0,1,1.0
BOL,HON,1.0,1.0,1,1.0
BOL,JAM,1.0,1.0,1,1.0
BOL,MEX,1.0,1.0,1,1.0
BOL,NIC,1.0,1.0,1,1.0
BOL,PAN,1.0,1.0,1,1.0
BOL,PAR,1.0,1.0,2,0.5
BOL,PER,1.0,1.0,1,1.0
BOL,SAL,1.0,1.0,1,1.0
BOL,SKN,1.0,1.0,1,1.0
BOL,SLU,1.0,1.0,1,1.0
BOL,SUR,1.0,1.0,1,1.0
BOL,SVG,1.0,1.0,1,1.0
BOL,TRI,1.0,1.0,1,1.0
BOL,URU,1.0,1.0,1,1.0
BOL,USA,0.91,0.8200000000000001,1,1.0
BOL,VEN,1.0,1.0,1,1.0
BOS,CRO,1.0,1.0,1,1.0
BOS,YUG,1.0,1.0,1,1.0
BRA,CAN,1.0,1.0,1,1.0
BRA,CHL,1.0,1.0,1,1.0
BRA,COL,1.0,1.0,1,1.0
BRA,COS,1.0,1.0,1,1.0
BRA,DMA,1.0,1.0,1,1.0
BRA,DOM,1.0,1.0,1,1.0
BRA,ECU,1.0,1.0,1,1.0
BRA,GRN,1.0,1.0,1,1.0
BRA,GUA,1.0,1.0,1,1.0
BRA,GUY,1.0,1.0,1,1.0
BRA,HAI,1.0,1.0,1,1.0
BRA,HON,1.0,1.0,1,1.0
BRA,JAM,1.0,1.0,1,1.0
BRA,MEX,1.0,1.0,1,1.0
BRA,NIC,1.0,1.0,1,1.0
BRA,PAN,1.0,1.0,1,1.0
BRA,PAR,1.0,1.0,1,1.0
BRA,PER,1.0,1.0,1,1.0
BRA,SAL,1.0,1.0,1,1.0
BRA,SKN,1.0,1.0,1,1.0
BRA,SLU,1.0,1.0,1,1.0
BRA,SUR,1.0,1.0,1,1.0
BRA,SVG,1.0,1.0,1,1.0
BRA,TRI,1.0,1.0,1,1.0
BRA,URU,1.0,1.0,1,1.0
BRA,USA,0.91,0.8200000000000001,1,1.0
BRA,VEN,1.0,1.0,1,1.0
BUI,CAO,1.0,1.0,1,1.0
BUI,CEN,1.0,1.0,2,0.5
BUI,CHA,1.0,1.0,1,1.0
BUI,CON,1.0,1.0,2,0.5
BUI,DRC,1.0,1.0,2,0.5
BUI,EQG,1.0,1.0,1,1.0
BUI,GAB,1.0,1.0,1,1.0
BUI,KEN,1.0,1.0,1,1.0
BUI,RWA,1.0,1.0,2,0.5
BUI,STP,1.0,1.0,1,1.0
BUI,SUD,0.0,1.0,1,1.0
BUI,TAZ,1.0,1.0,1,1.0
BUI,UGA,1.0,1.0,1,1.0
BUI,ZAM,1.0,1.0,1,1.0
BUL,GRC,0.84,0.6799999999999999,1,1.0
BUL,ROM,1.0,1.0,1,1.0
BUL,RUS,0.16,0.6799999999999999,1,1.0
BUL,TUR,0.84,0.6799999999999999,1,1.0
CAN,CHL,1.0,1.0,1,1.0
CAN,COL,1.0,1.0,1,1.0
CAN,COS,1.0,1.0,1,1.0
CAN,CZR,0.0,1.0,1,1.0
CAN,DEN,0.0,1.0,1,1.0
CAN,DMA,1.0,1.0,1,1.0
CAN,DOM,1.0,1.0,1,1.0
CAN,ECU,1.0,1.0,1,1.0
CAN,FRN,0.0,1.0,1,1.0
CAN,GMY,0.0,1.0,1,1.0
CAN,GRC,0.0,1.0,1,1.0
CAN,GRN,1.0,1.0,1,1.0
CAN,GUA,1.0,1.0,1,1.0
CAN,GUY,1.0,1.0,1,1.0
CAN,HAI,1.0,1.0,1,1.0
CAN,HON,1.0,1.0,1,1.0
CAN,HUN,0.0,1.0,1,1.0
CAN,ICE,0.0,1.0,1,1.0
CAN,ITA,0.0,1.0,1,1.0
CAN,JAM,1.0,1.0,1,1.0
CAN,LUX,0.0,1.0,1,1.0
CAN,MEX,1.0,1.0,1,1.0
CAN,NIC,1.0,1.0,1,1.0
CAN,NOR,0.0,1.0,1,1.0
CAN,NTH,0.0,1.0,1,1.0
CAN,PAN,1.0,1.0,1,1.0
CAN,PAR,1.0,1.0,1,1.0
CAN,PER,1.0,1.0,1,1.0
CAN,POL,0.0,1.0,1,1.0
CAN,POR,0.0,1.0,1,1.0
CAN,RUS,0.0,1.0,1,1.0
CAN,SAL,1.0,1.0,1,1.0
CAN,SKN,1.0,1.0,1,1.0
CAN,SLU,1.0,1.0,1,1.0
CAN,SPN,0.0,1.0,1,1.0
CAN,SUR,1.0,1.0,1,1.0
CAN,SVG,1.0,1.0,1,1.0
CAN,TRI,1.0,1.0,1,1.0
CAN,TUR,0.0,1.0,1,1.0
CAN,UKG,0.0,1.0,1,1.0
CAN,URU,1.0,1.0,1,1.0
CAN,USA,0.91,0.8200000000000001,3,0.3333333333333333
CAN,VEN,1.0,1.0,1,1.0
CAO,CEN,1.0,1.0,1,1.0
CAO,CHA,1.0,1.0,1,1.0
CAO,CON,1.0,1.0,1,1.0
CAO,DRC,1.0,1.0,1,1.0
CAO,EQG,1.0,1.0,1,1.0
CAO,GAB,1.0,1.0,1,1.0
CAO,RWA,1.0,1.0,1,1.0
CAO,STP,1.0,1.0,1,1.0
CAP,CDI,1.0,1.0,1,1.0
CAP,GAM,1.0,1.0,1,1.0
CAP,GHA,1.0,1.0,1,1.0
CAP,GNB,1.0,1.0,1,1.0
CAP,GUI,1.0,1.0,1,1.0
CAP,LBR,1.0,1.0,1,1.0
CAP,MLI,1.0,1.0,1,1.0
CAP,NIG,1.0,1.0,1,1.0
CAP,NIR,1.0,1.0,1,1.0
CAP,SEN,1.0,1.0,1,1.0
CAP,SIE,1.0,1.0,1,1.0
CAP,TOG,1.0,1.0,1,1.0
CDI,GAM,1.0,1.0,1,1.0
CDI,GHA,1.0,1.0,1,1.0
CDI,GNB,1.0,1.0,1,1.0
CDI,GUI,1.0,1.0,1,1.0
CDI,LBR,1.0,1.0,1,1.0
CDI,MLI,1.0,1.0,1,1.0
CDI,NIG,1.0,1.0,1,1.0
CDI,NIR,1.0,1.0,1,1.0
CDI,SEN,1.0,1.0,1,1.0
CDI,SIE,1.0,1.0,1,1.0
CDI,TOG,1.0,1.0,1,1.0
CEN,CHA,1.0,1.0,1,1.0
CEN,CON,1.0,1.0,3,0.3333333333333333
CEN,DRC,1.0,1.0,2,0.5
CEN,EQG,1.0,1.0,1,1.0
CEN,GAB,1.0,1.0,1,1.0
CEN,KEN,1.0,1.0,1,1.0
CEN,RWA,1.0,1.0,2,0.5
CEN,STP,1.0,1.0,1,1.0
CEN,SUD,0.0,1.0,1,1.0
CEN,TAZ,1.0,1.0,1,1.0
CEN,UGA,1.0,1.0,1,1.0
CEN,ZAM,1.0,1.0,1,1.0
CHA,CON,1.0,1.0,1,1.0
CHA,DRC,1.0,1.0,1,1.0
CHA,EQG,1.0,1.0,1,1.0
CHA,GAB,1.0,1.0,1,1.0
CHA,RWA,1.0,1.0,1,1.0
CHA,STP,1.0,1.0,1,1.0
CHA,SUD,0.0,1.0,1,1.0
CHL,COL,1.0,1.0,1,1.0
CHL,COS,1.0,1.0,1,1.0
CHL,DMA,1.0,1.0,1,1.0
CHL,DOM,1.0,1.0,1,1.0
CHL,ECU,1.0,1.0,1,1.0
CHL,GRN,1.0,1.0,1,1.0
CHL,GUA,1.0,1.0,1,1.0
CHL,GUY,1.0,1.0,1,1.0
CHL,HAI,1.0,1.0,1,1.0
CHL,HON,1.0,1.0,1,1.0
CHL,JAM,1.0,1.0,1,1.0
CHL,MEX,1.0,1.0,1,1.0
CHL,NIC,1.0,1.0,1,1.0
CHL,PAN,1.0,1.0,1,1.0
CHL,PAR,1.0,1.0,1,1.0
CHL,PER,1.0,1.0,1,1.0
CHL,SAL,1.0,1.0,1,1.0
CHL,SKN,1.0,1.0,1,1.0
CHL,SLU,1.0,1.0,1,1.0
CHL,SUR,1.0,1.0,1,1.0
CHL,SVG,1.0,1.0,1,1.0
CHL,TRI,1.0,1.0,1,1.0
CHL,URU,1.0,1.0,1,1.0
CHL,USA,0.91,0.8200000000000001,1,1.0
CHL,VEN,1.0,1.0,1,1.0
CHN,IRN,1.0,1.0,1,1.0
CHN,KYR,1.0,1.0,1,1.0
CHN,KZK,1.0,1.0,1,1.0
CHN,PAK,1.0,1.0,1,1.0
CHN,PRK,1.0,1.0,1,1.0
CHN,RUS,1.0,1.0,1,1.0
CHN,TAJ,1.0,1.0,2,0.5
CHN,TKM,1.0,1.0,1,1.0
CHN,UZB,1.0,1.0,2,0.5
COL,COS,1.0,1.0,1,1.0
COL,DMA,1.0,1.0,1,1.0
COL,DOM,1.0,1.0,1,1.0
COL,ECU,1.0,1.0,1,1.0
COL,GRN,1.0,1.0,1,1.0
COL,GUA,1.0,1.0,1,1.0
COL,GUY,1.0,1.0,1,1.0
COL,HAI,1.0,1.0,1,1.0
COL,HON,1.0,1.0,1,1.0
COL,JAM,1.0,1.0,1,1.0
COL,MEX,1.0,1.0,1,1.0
COL,NIC,1.0,1.0,1,1.0
COL,PAN,1.0,1.0,1,1.0
COL,PAR,1.0,1.0,1,1.0
COL,PER,1.0,1.0,1,1.0
COL,SAL,1.0,1.0,1,1.0
COL,SKN,1.0,1.0,1,1.0
COL,SLU,1.0,1.0,1,1.0
COL,SUR,1.0,1.0,1,1.0
COL,SVG,1.0,1.0,1,1.0
COL,TRI,1.0,1.0,1,1.0
COL,URU,1.0,1.0,1,1.0
COL,USA,0.91,0.8200000000000001,1,1.0
COL,VEN,1.0,1.0,2,0.5
CON,DRC,1.0,1.0,3,0.3333333333333333
CON,EQG,1.0,1.0,1,1.0
CON,GAB,1.0,1.0,1,1.0
CON,KEN,1.0,1.0,1,1.0
CON,RWA,1.0,1.0,2,0.5
CON,STP,1.0,1.0,1,1.0
CON,SUD,0.0,1.0,1,1.0
CON,TAZ,1.0,1.0,1,1.0
CON,UGA,1.0,1.0,1,1.0
CON,ZAM,1.0,1.0,1,1.0
COS,DMA,1.0,1.0,1,1.0
COS,DOM,1.0,1.0,1,1.0
COS,ECU,1.0,1.0,1,1.0
COS,GRN,1.0,1.0,1,1.0
COS,GUA,1.0,1.0,1,1.0
COS,GUY,1.0,1.0,1,1.0
COS,HAI,1.0,1.0,1,1.0
COS,HON,1.0,1.0,1,1.0
COS,JAM,1.0,1.0,1,1.0
COS,MEX,1.0,1.0,1,1.0
COS,NIC,1.0,1.0,1,1.0
COS,PAN,1.0,1.0,1,1.0
COS,PAR,1.0,1.0,1,1.0
COS,PER,1.0,1.0,1,1.0
COS,SAL,1.0,1.0,1,1.0
COS,SKN,1.0,1.0,1,1.0
COS,SLU,1.0,1.0,1,1.0
COS,SUR,1.0,1.0,1,1.0
COS,SVG,1.0,1.0,1,1.0
COS,TRI,1.0,1.0,1,1.0
COS,URU,1.0,1.0,1,1.0
COS,USA,0.91,0.8200000000000001,1,1.0
COS,VEN,1.0,1.0,1,1.0
CRO,TUR,0.91,0.8200000000000001,1,1.0
CRO,YUG,1.0,1.0,1,1.0
CZR,DEN,1.0,1.0,1,1.0
CZR,FRN,1.0,1.0,1,1.0
CZR,GMY,1.0,1.0,1,1.0
CZR,GRC,1.0,1.0,1,1.0
CZR,HUN,1.0,1.0,1,1.0
CZR,ICE,1.0,1.0,1,1.0
CZR,ITA,1.0,1.0,1,1.0
CZR,LUX,1.0,1.0,1,1.0
CZR,NOR,1.0,1.0,1,1.0
CZR,NTH,1.0,1.0,1,1.0
CZR,POL,1.0,1.0,1,1.0
CZR,POR,1.0,1.0,1,1.0
CZR,SLO,0.09,0.8200000000000001,1,1.0
CZR,SPN,1.0,1.0,1,1.0
CZR,TUR,1.0,1.0,1,1.0
CZR,UKG,1.0,1.0,1,1.0
CZR,USA,0.09,0.8200000000000001,1,1.0
DEN,FRN,1.0,1.0,1,1.0
DEN,GMY,1.0,1.0,1,1.0
DEN,GRC,1.0,1.0,1,1.0
DEN,HUN,1.0,1.0,1,1.0
DEN,ICE,1.0,1.0,2,0.5
DEN,ITA,1.0,1.0,1,1.0
DEN,LUX,1.0,1.0,1,1.0
DEN,NOR,1.0,1.0,1,1.0
DEN,NTH,1.0,1.0,1,1.0
DEN,POL,1.0,1.0,1,1.0
DEN,POR,1.0,1.0,1,1.0
DEN,SPN,1.0,1.0,1,1.0
DEN,TUR,1.0,1.0,1,1.0
DEN,UKG,1.0,1.0,1,1.0
DEN,USA,0.09,0.8200000000000001,1,1.0
DJI,EGY,1.0,1.0,1,1.0
DJI,IRQ,1.0,1.0,1,1.0
DJI,JOR,1.0,1.0,1,1.0
DJI,KUW,1.0,1.0,1,1.0
DJI,LEB,1.0,1.0,1,1.0
DJI,LIB,1.0,1.0,1,1.0
DJI,MAA,1.0,1.0,1,1.0
DJI,MOR,1.0,1.0,1,1.0
DJI,OMA,1.0,1.0,1,1.0
DJI,QAT,1.0,1.0,1,1.0
DJI,SAU,1.0,1.0,1,1.0
DJI,SOM,1.0,1.0,1,1.0
DJI,SUD,1.0,1.0,1,1.0
DJI,SYR,1.0,1.0,1,1.0
DJI,TUN,1.0,1.0,1,1.0
DJI,UAE,1.0,1.0,1,1.0
DJI,YEM,1.0,1.0,1,1.0
DMA,DOM,1.0,1.0,1,1.0
DMA,ECU,1.0,1.0,1,1.0
DMA,GRN,1.0,1.0,2,0.5
DMA,GUA,1.0,1.0,1,1.0
DMA,GUY,1.0,1.0,1,1.0
DMA,HAI,1.0,1.0,1,1.0
DMA,HON,1.0,1.0,1,1.0
DMA,JAM,1.0,1.0,1,1.0
DMA,MEX,1.0,1.0,1,1.0
DMA,NIC,1.0,1.0,1,1.0
DMA,PAN,1.0,1.0,1,1.0
DMA,PAR,1.0,1.0,1,1.0
DMA,PER,1.0,1.0,1,1.0
DMA,SAL,1.0,1.0,1,1.0
DMA,SKN,1.0,1.0,3,0.3333333333333333
DMA,SLU,1.0,1.0,3,0.3333333333333333
DMA,SUR,1.0,1.0,1,1.0
DMA,SVG,1.0,1.0,3,0.3333333333333333
DMA,TRI,1.0,1.0,1,1.0
DMA,URU,1.0,1.0,1,1.0
DMA,USA,0.91,0.8200000000000001,1,1.0
DMA,VEN,1.0,1.0,1,1.0
DOM,ECU,1.0,1.0,1,1.0
DOM,GRN,1.0,1.0,1,1.0
DOM,GUA,1.0,1.0,1,1.0
DOM,GUY,1.0,1.0,1,1.0
DOM,HAI,1.0,1.0,1,1.0
DOM,HON,1.0,1.0,1,1.0
DOM,JAM,1.0,1.0,1,1.0
DOM,MEX,1.0,1.0,1,1.0
DOM,NIC,1.0,1.0,1,1.0
DOM,PAN,1.0,1.0,1,1.0
DOM,PAR,1.0,1.0,1,1.0
DOM,PER,1.0,1.0,1,1.0
DOM,SAL,1.0,1.0,1,1.0
DOM,SKN,1.0,1.0,1,1.0
DOM,SLU,1.0,1.0,1,1.0
DOM,SUR,1.0,1.0,1,1.0
DOM,SVG,1.0,1.0,1,1.0
DOM,TRI,1.0,1.0,1,1.0
DOM,URU,1.0,1.0,1,1.0
DOM,USA,0.91,0.8200000000000001,1,1.0
DOM,VEN,1.0,1.0,1,1.0
DRC,EQG,1.0,1.0,1,1.0
DRC,GAB,1.0,1.0,1,1.0
DRC,KEN,1.0,1.0,1,1.0
DRC,RWA,1.0,1.0,2,0.5
DRC,STP,1.0,1.0,1,1.0
DRC,SUD,0.0,1.0,1,1.0
DRC,TAZ,1.0,1.0,1,1.0
DRC,UGA,1.0,1.0,1,1.0
DRC,ZAM,1.0,1.0,1,1.0
ECU,GRN,1.0,1.0,1,1.0
ECU,GUA,1.0,1.0,1,1.0
ECU,GUY,1.0,1.0,1,1.0
ECU,HAI,1.0,1.0,1,1.0
ECU,HON,1.0,1.0,1,1.0
ECU,JAM,1.0,1.0,1,1.0
ECU,MEX,1.0,1.0,1,1.0
ECU,NIC,1.0,1.0,1,1.0
ECU,PAN,1.0,1.0,1,1.0
ECU,PAR,1.0,1.0,1,1.0
ECU,PER,1.0,1.0,1,1.0
ECU,SAL,1.0,1.0,1,1.0
ECU,SKN,1.0,1.0,1,1.0
ECU,SLU,1.0,1.0,1,1.0
ECU,SUR,1.0,1.0,1,1.0
ECU,SVG,1.0,1.0,1,1.0
ECU,TRI,1.0,1.0,1,1.0
ECU,URU,1.0,1.0,1,1.0
ECU,USA,0.91,0.8200000000000001,1,1.0
ECU,VEN,1.0,1.0,1,1.0
EGY,IRQ,1.0,1.0,2,0.5
EGY,ISR,1.0,1.0,1,1.0
EGY,JOR,1.0,1.0,2,0.5
EGY,KUW,1.0,1.0,2,0.5
EGY,LEB,1.0,1.0,2,0.5
EGY,LIB,1.0,1.0,2,0.5
EGY,MAA,1.0,1.0,1,1.0
EGY,MOR,1.0,1.0,2,0.5
EGY,OMA,1.0,1.0,1,1.0
EGY,QAT,1.0,1.0,2,0.5
EGY,SAU,1.0,1.0,2,0.5
EGY,SOM,1.0,1.0,2,0.5
EGY,SUD,1.0,1.0,2,0.5
EGY,SYR,1.0,1.0,2,0.5
EGY,TUN,1.0,1.0,2,0.5
EGY,UAE,1.0,1.0,2,0.5
EGY,YEM,1.0,1.0,2,0.5
EQG,GAB,1.0,1.0,1,1.0
EQG,RWA,1.0,1.0,1,1.0
EQG,STP,1.0,1.0,1,1.0
ERI,ETH,1.0,1.0,1,1.0
EST,POL,1.0,1.0,1,1.0
ETH,KEN,1.0,1.0,1,1.0
FIN,RUS,1.0,1.0,1,1.0
FRN,GAB,0.0,1.0,1,1.0
FRN,GMY,1.0,1.0,1,1.0
FRN,GRC,1.0,1.0,2,0.5
FRN,GRG,0.0,1.0,1,1.0
FRN,HUN,1.0,1.0,1,1.0
FRN,ICE,1.0,1.0,1,1.0
FRN,ITA,1.0,1.0,2,0.5
FRN,LUX,1.0,1.0,2,0.5
FRN,NOR,1.0,1.0,1,1.0
FRN,NTH,1.0,1.0,2,0.5
FRN,POL,1.0,1.0,1,1.0
FRN,POR,1.0,1.0,2,0.5
FRN,RUS,0.0,1.0,1,1.0
FRN,SPN,1.0,1.0,2,0.5
FRN,TUR,1.0,1.0,1,1.0
FRN,UKG,1.0,1.0,2,0.5
FRN,USA,0.09,0.8200000000000001,1,1.0
GAB,RWA,1.0,1.0,1,1.0
GAB,STP,1.0,1.0,1,1.0
GAM,GHA,1.0,1.0,1,1.0
GAM,GNB,1.0,1.0,1,1.0
GAM,GUI,1.0,1.0,1,1.0
GAM,LBR,1.0,1.0,1,1.0
GAM,MLI,1.0,1.0,1,1.0
GAM,NIG,1.0,1.0,1,1.0
GAM,NIR,1.0,1.0,1,1.0
GAM,SEN,1.0,1.0,1,1.0
GAM,SIE,1.0,1.0,1,1.0
GAM,TOG,1.0,1.0,1,1.0
GHA,GNB,1.0,1.0,1,1.0
GHA,GUI,1.0,1.0,1,1.0
GHA,LBR,1.0,1.0,1,1.0
GHA,MLI,1.0,1.0,1,1.0
GHA,NIG,1.0,1.0,1,1.0
GHA,NIR,1.0,1.0,1,1.0
GHA,SEN,1.0,1.0,1,1.0
GHA,SIE,1.0,1.0,1,1.0
GHA,TOG,1.0,1.0,1,1.0
GMY,GRC,1.0,1.0,1,1.0
GMY,HUN,1.0,1.0,1,1.0
GMY,ICE,1.0,1.0,1,1.0
GMY,ITA,1.0,1.0,1,1.0
GMY,LUX,1.0,1.0,1,1.0
GMY,NOR,1.0,1.0,1,1.0
GMY,NTH,1.0,1.0,1,1.0
GMY,POL,1.0,1.0,1,1.0
GMY,POR,1.0,1.0,1,1.0
GMY,RUS,0.0,1.0,1,1.0
GMY,SPN,1.0,1.0,1,1.0
GMY,TUR,1.0,1.0,1,1.0
GMY,UKG,1.0,1.0,1,1.0
GMY,USA,0.09,0.8200000000000001,1,1.0
GNB,GUI,1.0,1.0,1,1.0
GNB,LBR,1.0,1.0,1,1.0
GNB,MLI,1.0,1.0,1,1.0
GNB,NIG,1.0,1.0,1,1.0
GNB,NIR,1.0,1.0,1,1.0
GNB,SEN,1.0,1.0,1,1.0
GNB,SIE,1.0,1.0,1,1.0
GNB,TOG,1.0,1.0,1,1.0
GRC,HUN,1.0,1.0,1,1.0
GRC,ICE,1.0,1.0,1,1.0
GRC,ITA,1.0,1.0,2,0.5
GRC,LUX,1.0,1.0,2,0.5
GRC,NOR,1.0,1.0,1,1.0
GRC,NTH,1.0,1.0,2,0.5
GRC,POL,1.0,1.0,2,0.5
GRC,POR,1.0,1.0,2,0.5
GRC,ROM,0.84,0.6799999999999999,1,1.0
GRC,SPN,1.0,1.0,2,0.5
GRC,TUR,1.0,1.0,1,1.0
GRC,UKG,1.0,1.0,2,0.5
GRC,USA,0.09,0.8200000000000001,1,1.0
GRG,KYR,1.0,1.0,2,0.5
GRG,KZK,1.0,1.0,2,0.5
GRG,MLD,1.0,1.0,1,1.0
GRG,POL,0.0,1.0,1,1.0
GRG,RUS,1.0,1.0,2,0.5
GRG,TAJ,1.0,1.0,2,0.5
GRG,TKM,1.0,1.0,1,1.0
GRG,UKR,1.0,1.0,1,1.0
GRG,UZB,1.0,1.0,2,0.5
GRN,GUA,1.0,1.0,1,1.0
GRN,GUY,1.0,1.0,1,1.0
GRN,HAI,1.0,1.0,1,1.0
GRN,HON,1.0,1.0,1,1.0
GRN,JAM,1.0,1.0,1,1.0
GRN,MEX,1.0,1.0,1,1.0
GRN,NIC,1.0,1.0,1,1.0
GRN,PAN,1.0,1.0,1,1.0
GRN,PAR,1.0,1.0,1,1.0
GRN,PER,1.0,1.0,1,1.0
GRN,SAL,1.0,1.0,1,1.0
GRN,SKN,1.0,1.0,2,0.5
GRN,SLU,1.0,1.0,2,0.5
GRN,SUR,1.0,1.0,1,1.0
GRN,SVG,1.0,1.0,2,0.5
GRN,TRI,1.0,1.0,1,1.0
GRN,URU,1.0,1.0,1,1.0
GRN,USA,0.91,0.8200000000000001,1,1.0
GRN,VEN,1.0,1.0,1,1.0
GUA,GUY,1.0,1.0,1,1.0
GUA,HAI,1.0,1.0,1,1.0
GUA,HON,1.0,1.0,1,1.0
GUA,JAM,1.0,1.0,1,1.0
GUA,MEX,1.0,1.0,1,1.0
GUA,NIC,1.0,1.0,1,1.0
GUA,PAN,1.0,1.0,1,1.0
GUA,PAR,1.0,1.0,1,1.0
GUA,PER,1.0,1.0,1,1.0
GUA,SAL,1.0,1.0,1,1.0
GUA,SKN,1.0,1.0,1,1.0
GUA,SLU,1.0,1.0,1,1.0
GUA,SUR,1.0,1.0,1,1.0
GUA,SVG,1.0,1.0,1,1.0
GUA,TRI,1.0,1.0,1,1.0
GUA,URU,1.0,1.0,1,1.0
GUA,USA,0.91,0.8200000000000001,1,1.0
GUA,VEN,1.0,1.0,1,1.0
GUI,LBR,1.0,1.0,2,0.5
GUI,MLI,1.0,1.0,1,1.0
GUI,NIG,1.0,1.0,1,1.0
GUI,NIR,1.0,1.0,1,1.0
GUI,SEN,1.0,1.0,1,1.0
GUI,SIE,1.0,1.0,1,1.0
GUI,TOG,1.0,1.0,1,1.0
GUY,HAI,1.0,1.0,1,1.0
GUY,HON,1.0,1.0,1,1.0
GUY,JAM,1.0,1.0,1,1.0
GUY,MEX,1.0,1.0,1,1.0
GUY,NIC,1.0,1.0,1,1.0
GUY,PAN,1.0,1.0,1,1.0
GUY,PAR,1.0,1.0,1,1.0
GUY,PER,1.0,1.0,1,1.0
GUY,SAL,1.0,1.0,1,1.0
GUY,SKN,1.0,1.0,1,1.0
GUY,SLU,1.0,1.0,1,1.0
GUY,SUR,1.0,1.0,1,1.0
GUY,SVG,1.0,1.0,1,1.0
GUY,TRI,1.0,1.0,1,1.0
GUY,URU,1.0,1.0,1,1.0
GUY,USA,0.91,0.8200000000000001,1,1.0
GUY,VEN,1.0,1.0,1,1.0
HAI,HON,1.0,1.0,1,1.0
HAI,JAM,1.0,1.0,1,1.0
HAI,MEX,1.0,1.0,1,1.0
HAI,NIC,1.0,1.0,1,1.0
HAI,PAN,1.0,1.0,1,1.0
HAI,PAR,1.0,1.0,1,1.0
HAI,PER,1.0,1.0,1,1.0
HAI,SAL,1.0,1.0,1,1.0
HAI,SKN,1.0,1.0,1,1.0
HAI,SLU,1.0,1.0,1,1.0
HAI,SUR,1.0,1.0,1,1.0
HAI,SVG,1.0,1.0,1,1.0
HAI,TRI,1.0,1.0,1,1.0
HAI,URU,1.0,1.0,1,1.0
HAI,USA,0.91,0.8200000000000001,1,1.0
HAI,VEN,1.0,1.0,1,1.0
HON,JAM,1.0,1.0,1,1.0
HON,MEX,1.0,1.0,1,1.0
HON,NIC,1.0,1.0,1,1.0
HON,PAN,1.0,1.0,1,1.0
HON,PAR,1.0,1.0,1,1.0
HON,PER,1.0,1.0,1,1.0
HON,SAL,1.0,1.0,1,1.0
HON,SKN,1.0,1.0,1,1.0
HON,SLU,1.0,1.0,1,1.0
HON,SUR,1.0,1.0,1,1.0
HON,SVG,1.0,1.0,1,1.0
HON,TRI,1.0,1.0,1,1.0
HON,URU,1.0,1.0,1,1.0
HON,USA,0.91,0.8200000000000001,1,1.0
HON,VEN,1.0,1.0,1,1.0
HUN,ICE,1.0,1.0,1,1.0
HUN,ITA,1.0,1.0,1,1.0
HUN,LUX,1.0,1.0,1,1.0
HUN,NOR,1.0,1.0,1,1.0
HUN,NTH,1.0,1.0,1,1.0
HUN,POL,1.0,1.0,1,1.0
HUN,POR,1.0,1.0,1,1.0
HUN,SPN,1.0,1.0,1,1.0
HUN,TUR,1.0,1.0,1,1.0
HUN,UKG,1.0,1.0,1,1.0
HUN,UKR,0.0,1.0,1,1.0
HUN,USA,0.09,0.8200000000000001,1,1.0
ICE,ITA,1.0,1.0,1,1.0
ICE,LUX,1.0,1.0,1,1.0
ICE,NOR,1.0,1.0,1,1.0
ICE,NTH,1.0,1.0,1,1.0
ICE,POL,1.0,1.0,1,1.0
ICE,POR,1.0,1.0,1,1.0
ICE,SPN,1.0,1.0,1,1.0
ICE,TUR,1.0,1.0,1,1.0
ICE,UKG,1.0,1.0,1,1.0
ICE,USA,0.09,0.8200000000000001,1,1.0
IND,PAK,1.0,1.0,1,1.0
IRN,PAK,1.0,1.0,1,1.0
IRN,SYR,0.0,1.0,1,1.0
IRN,TAJ,1.0,1.0,1,1.0
IRN,TKM,1.0,1.0,1,1.0
IRN,UZB,1.0,1.0,1,1.0
IRQ,JOR,1.0,1.0,2,0.5
IRQ,KUW,1.0,1.0,2,0.5
IRQ,LEB,1.0,1.0,2,0.5
IRQ,LIB,1.0,1.0,2,0.5
IRQ,MAA,1.0,1.0,1,1.0
IRQ,MOR,1.0,1.0,2,0.5
IRQ,OMA,1.0,1.0,1,1.0
IRQ,QAT,1.0,1.0,2,0.5
IRQ,SAU,1.0,1.0,2,0.5
IRQ,SOM,1.0,1.0,2,0.5
IRQ,SUD,1.0,1.0,2,0.5
IRQ,SYR,1.0,1.0,2,0.5
IRQ,TUN,1.0,1.0,2,0.5
IRQ,UAE,1.0,1.0,2,0.5
IRQ,YEM,1.0,1.0,2,0.5
ISR,JOR,1.0,1.0,1,1.0
ITA,LUX,1.0,1.0,2,0.5
ITA,NOR,1.0,1.0,1,1.0
ITA,NTH,1.0,1.0,2,0.5
ITA,POL,1.0,1.0,1,1.0
ITA,POR,1.0,1.0,2,0.5
ITA,SPN,1.0,1.0,2,0.5
ITA,TUR,1.0,1.0,1,1.0
ITA,UKG,1.0,1.0,2,0.5
ITA,USA,0.09,0.8200000000000001,1,1.0
JAM,MEX,1.0,1.0,1,1.0
JAM,NIC,1.0,1.0,1,1.0
JAM,PAN,1.0,1.0,1,1.0
JAM,PAR,1.0,1.0,1,1.0
JAM,PER,1.0,1.0,1,1.0
JAM,SAL,1.0,1.0,1,1.0
JAM,SKN,1.0,1.0,1,1.0
JAM,SLU,1.0,1.0,1,1.0
JAM,SUR,1.0,1.0,1,1.0
JAM,SVG,1.0,1.0,1,1.0
JAM,TRI,1.0,1.0,1,1.0
JAM,URU,1.0,1.0,1,1.0
JAM,USA,0.91,0.8200000000000001,1,1.0
JAM,VEN,1.0,1.0,1,1.0
JOR,KUW,1.0,1.0,2,0.5
JOR,LEB,1.0,1.0,2,0.5
JOR,LIB,1.0,1.0,2,0.5
JOR,MAA,1.0,1.0,1,1.0
JOR,MOR,1.0,1.0,2,0.5
JOR,OMA,1.0,1.0,1,1.0
JOR,QAT,1.0,1.0,2,0.5
JOR,SAU,1.0,1.0,2,0.5
JOR,SOM,1.0,1.0,2,0.5
JOR,SUD,1.0,1.0,2,0.5
JOR,SYR,1.0,1.0,2,0.5
JOR,TUN,1.0,1.0,2,0.5
JOR,UAE,1.0,1.0,2,0.5
JOR,YEM,1.0,1.0,2,0.5
JPN,USA,1.0,1.0,1,1.0
KEN,RWA,1.0,1.0,1,1.0
KEN,SUD,0.0,1.0,1,1.0
KEN,TAZ,1.0,1.0,1,1.0
KEN,UGA,1.0,1.0,1,1.0
KEN,ZAM,1.0,1.0,1,1.0
KUW,LEB,1.0,1.0,2,0.5
KUW,LIB,1.0,1.0,2,0.5
KUW,MAA,1.0,1.0,1,1.0
KUW,MOR,1.0,1.0,2,0.5
KUW,OMA,1.0,1.0,2,0.5
KUW,QAT,1.0,1.0,3,0.3333333333333333
KUW,SAU,1.0,1.0,3,0.3333333333333333
KUW,SOM,1.0,1.0,2,0.5
KUW,SUD,1.0,1.0,2,0.5
KUW,SYR,1.0,1.0,2,0.5
KUW,TUN,1.0,1.0,2,0.5
KUW,UAE,1.0,1.0,3,0.3333333333333333
KUW,YEM,1.0,1.0,2,0.5
KYR,KZK,1.0,1.0,3,0.3333333333333333
KYR,MLD,1.0,1.0,1,1.0
KYR,RUS,1.0,1.0,4,0.25
KYR,TAJ,1.0,1.0,3,0.3333333333333333
KYR,TKM,1.0,1.0,1,1.0
KYR,UKR,1.0,1.0,1,1.0
KYR,UZB,1.0,1.0,4,0.25
KZK,MLD,1.0,1.0,1,1.0
KZK,RUS,1.0,1.0,4,0.25
KZK,TAJ,1.0,1.0,3,0.3333333333333333
KZK,TKM,1.0,1.0,1,1.0
KZK,UKR,1.0,1.0,1,1.0
KZK,UZB,1.0,1.0,3,0.3333333333333333
LAT,POL,0.0,1.0,1,1.0
LAT,UKR,1.0,1.0,1,1.0
LAT,UZB,1.0,1.0,1,1.0
LBR,MLI,1.0,1.0,1,1.0
LBR,NIG,1.0,1.0,1,1.0
LBR,NIR,1.0,1.0,1,1.0
LBR,SEN,1.0,1.0,1,1.0
LBR,SIE,1.0,1.0,1,1.0
LBR,TOG,1.0,1.0,1,1.0
LBR,USA,0.0,1.0,1,1.0
LEB,LIB,1.0,1.0,2,0.5
LEB,MAA,1.0,1.0,1,1.0
LEB,MOR,1.0,1.0,2,0.5
LEB,OMA,1.0,1.0,1,1.0
LEB,QAT,1.0,1.0,2,0.5
LEB,SAU,1.0,1.0,2,0.5
LEB,SOM,1.0,1.0,2,0.5
LEB,SUD,1.0,1.0,2,0.5
LEB,SYR,1.0,1.0,3,0.3333333333333333
LEB,TUN,1.0,1.0,2,0.5
LEB,UAE,1.0,1.0,2,0.5
LEB,YEM,1.0,1.0,2,0.5
LIB,MAA,1.0,1.0,2,0.5
LIB,MOR,1.0,1.0,3,0.3333333333333333
LIB,OMA,1.0,1.0,1,1.0
LIB,QAT,1.0,1.0,2,0.5
LIB,SAU,1.0,1.0,2,0.5
LIB,SOM,1.0,1.0,2,0.5
LIB,SUD,1.0,1.0,2,0.5
LIB,SYR,1.0,1.0,2,0.5
LIB,TUN,1.0,1.0,3,0.3333333333333333
LIB,UAE,1.0,1.0,2,0.5
LIB,YEM,1.0,1.0,2,0.5
LIT,MLD,1.0,1.0,1,1.0
LIT,POL,0.0,1.0,1,1.0
LIT,UKR,1.0,1.0,1,1.0
LUX,NOR,1.0,1.0,1,1.0
LUX,NTH,1.0,1.0,2,0.5
LUX,POL,1.0,1.0,1,1.0
LUX,POR,1.0,1.0,2,0.5
LUX,SPN,1.0,1.0,2,0.5
LUX,TUR,1.0,1.0,1,1.0
LUX,UKG,1.0,1.0,2,0.5
LUX,USA,0.09,0.8200000000000001,1,1.0
MAA,MOR,1.0,1.0,2,0.5
MAA,OMA,1.0,1.0,1,1.0
MAA,QAT,1.0,1.0,1,1.0
MAA,SAU,1.0,1.0,1,1.0
MAA,SOM,1.0,1.0,1,1.0
MAA,SUD,1.0,1.0,1,1.0
MAA,SYR,1.0,1.0,1,1.0
MAA,TUN,1.0,1.0,2,0.5
MAA,UAE,1.0,1.0,1,1.0
MAA,YEM,1.0,1.0,1,1.0
MEX,NIC,1.0,1.0,1,1.0
MEX,PAN,1.0,1.0,1,1.0
MEX,PAR,1.0,1.0,1,1.0
MEX,PER,1.0,1.0,1,1.0
MEX,SAL,1.0,1.0,1,1.0
MEX,SKN,1.0,1.0,1,1.0
MEX,SLU,1.0,1.0,1,1.0
MEX,SUR,1.0,1.0,1,1.0
MEX,SVG,1.0,1.0,1,1.0
MEX,TRI,1.0,1.0,1,1.0
MEX,URU,1.0,1.0,1,1.0
MEX,USA,0.91,0.8200000000000001,1,1.0
MEX,VEN,1.0,1.0,1,1.0
MLD,POL,0.0,1.0,1,1.0
MLD,RUS,1.0,1.0,1,1.0
MLD,TAJ,1.0,1.0,1,1.0
MLD,TKM,1.0,1.0,1,1.0
MLD,UKR,1.0,1.0,2,0.5
MLD,UZB,1.0,1.0,1,1.0
MLI,NIG,1.0,1.0,1,1.0
MLI,NIR,1.0,1.0,1,1.0
MLI,SEN,1.0,1.0,1,1.0
MLI,SIE,1.0,1.0,1,1.0
MLI,TOG,1.0,1.0,1,1.0
MON,RUS,1.0,1.0,1,1.0
MOR,OMA,1.0,1.0,1,1.0
MOR,QAT,1.0,1.0,2,0.5
MOR,SAU,1.0,1.0,2,0.5
MOR,SOM,1.0,1.0,2,0.5
MOR,SUD,1.0,1.0,2,0.5
MOR,SYR,1.0,1.0,2,0.5
MOR,TUN,1.0,1.0,3,0.3333333333333333
MOR,UAE,1.0,1.0,2,0.5
MOR,YEM,1.0,1.0,2,0.5
NIC,PAN,1.0,1.0,1,1.0
NIC,PAR,1.0,1.0,1,1.0
NIC,PER,1.0,1.0,1,1.0
NIC,SAL,1.0,1.0,1,1.0
NIC,SKN,1.0,1.0,1,1.0
NIC,SLU,1.0,1.0,1,1.0
NIC,SUR,1.0,1.0,1,1.0
NIC,SVG,1.0,1.0,1,1.0
NIC,TRI,1.0,1.0,1,1.0
NIC,URU,1.0,1.0,1,1.0
NIC,USA,0.91,0.8200000000000001,1,1.0
NIC,VEN,1.0,1.0,1,1.0
NIG,NIR,1.0,1.0,1,1.0
NIG,SEN,1.0,1.0,1,1.0
NIG,SIE,1.0,1.0,1,1.0
NIG,TOG,1.0,1.0,1,1.0
NIR,SEN,1.0,1.0,1,1.0
NIR,SIE,1.0,1.0,1,1.0
NIR,TOG,1.0,1.0,1,1.0
NOR,NTH,1.0,1.0,1,1.0
NOR,POL,1.0,1.0,1,1.0
NOR,POR,1.0,1.0,1,1.0
NOR,SPN,1.0,1.0,1,1.0
NOR,TUR,1.0,1.0,1,1.0
NOR,UKG,1.0,1.0,1,1.0
NOR,USA,0.09,0.8200000000000001,1,1.0
NTH,POL,1.0,1.0,1,1.0
NTH,POR,1.0,1.0,2,0.5
NTH,SPN,1.0,1.0,2,0.5
NTH,TUR,1.0,1.0,1,1.0
NTH,UKG,1.0,1.0,2,0.5
NTH,USA,0.09,0.8200000000000001,1,1.0
OMA,QAT,1.0,1.0,2,0.5
OMA,SAU,1.0,1.0,2,0.5
OMA,SOM,1.0,1.0,1,1.0
OMA,SUD,1.0,1.0,1,1.0
OMA,SYR,1.0,1.0,1,1.0
OMA,TUN,1.0,1.0,1,1.0
OMA,UAE,1.0,1.0,2,0.5
OMA,YEM,1.0,1.0,1,1.0
PAK,TAJ,1.0,1.0,1,1.0
PAK,TKM,1.0,1.0,1,1.0
PAK,USA,0.0,1.0,1,1.0
PAK,UZB,1.0,1.0,1,1.0
PAN,PAR,1.0,1.0,1,1.0
PAN,PER,1.0,1.0,1,1.0
PAN,SAL,1.0,1.0,1,1.0
PAN,SKN,1.0,1.0,1,1.0
PAN,SLU,1.0,1.0,1,1.0
PAN,SUR,1.0,1.0,1,1.0
PAN,SVG,1.0,1.0,1,1.0
PAN,TRI,1.0,1.0,1,1.0
PAN,URU,1.0,1.0,1,1.0
PAN,USA,0.91,0.8200000000000001,1,1.0
PAN,VEN,1.0,1.0,1,1.0
PAR,PER,1.0,1.0,1,1.0
PAR,SAL,1.0,1.0,1,1.0
PAR,SKN,1.0,1.0,1,1.0
PAR,SLU,1.0,1.0,1,1.0
PAR,SUR,1.0,1.0,1,1.0
PAR,SVG,1.0,1.0,1,1.0
PAR,TRI,1.0,1.0,1,1.0
PAR,URU,1.0,1.0,1,1.0
PAR,USA,0.91,0.8200000000000001,1,1.0
PAR,VEN,1.0,1.0,1,1.0
PER,SAL,1.0,1.0,1,1.0
PER,SKN,1.0,1.0,1,1.0
PER,SLU,1.0,1.0,1,1.0
PER,SUR,1.0,1.0,1,1.0
PER,SVG,1.0,1.0,1,1.0
PER,TRI,1.0,1.0,1,1.0
PER,URU,1.0,1.0,1,1.0
PER,USA,0.91,0.8200000000000001,1,1.0
PER,VEN,1.0,1.0,1,1.0
PHI,USA,1.0,1.0,1,1.0
POL,POR,1.0,1.0,1,1.0
POL,RUS,0.0,1.0,1,1.0
POL,SPN,1.0,1.0,1,1.0
POL,TUR,1.0,1.0,1,1.0
POL,UKG,1.0,1.0,1,1.0
POL,UKR,0.0,1.0,1,1.0
POL,USA,0.09,0.8200000000000001,1,1.0
POR,SPN,1.0,1.0,2,0.5
POR,TUR,1.0,1.0,1,1.0
POR,UKG,1.0,1.0,3,0.3333333333333333
POR,USA,0.09,0.8200000000000001,1,1.0
PRK,ROK,1.0,1.0,1,1.0
PRK,RUS,1.0,1.0,1,1.0
QAT,SAU,1.0,1.0,3,0.3333333333333333
QAT,SOM,1.0,1.0,2,0.5
QAT,SUD,1.0,1.0,2,0.5
QAT,SYR,1.0,1.0,2,0.5
QAT,TUN,1.0,1.0,2,0.5
QAT,UAE,1.0,1.0,3,0.3333333333333333
QAT,YEM,1.0,1.0,2,0.5
ROK,USA,0.0,1.0,1,1.0
ROM,SLO,0.25,0.5,1,1.0
ROM,TUR,0.84,0.6799999999999999,1,1.0
RUS,TAJ,1.0,1.0,4,0.25
RUS,TKM,1.0,1.0,2,0.5
RUS,TUR,0.0,1.0,1,1.0
RUS,UKR,1.0,1.0,1,1.0
RUS,UZB,1.0,1.0,5,0.2
RWA,STP,1.0,1.0,1,1.0
RWA,SUD,0.0,1.0,1,1.0
RWA,TAZ,1.0,1.0,1,1.0
RWA,UGA,1.0,1.0,1,1.0
RWA,ZAM,1.0,1.0,1,1.0
SAL,SKN,1.0,1.0,1,1.0
SAL,SLU,1.0,1.0,1,1.0
SAL,SUR,1.0,1.0,1,1.0
SAL,SVG,1.0,1.0,1,1.0
SAL,TRI,1.0,1.0,1,1.0
SAL,URU,1.0,1.0,1,1.0
SAL,USA,0.91,0.8200000000000001,1,1.0
SAL,VEN,1.0,1.0,1,1.0
SAU,SOM,1.0,1.0,2,0.5
SAU,SUD,1.0,1.0,2,0.5
SAU,SYR,1.0,1.0,2,0.5
SAU,TUN,1.0,1.0,2,0.5
SAU,UAE,1.0,1.0,3,0.3333333333333333
SAU,YEM,1.0,1.0,2,0.5
SEN,SIE,1.0,1.0,1,1.0
SEN,TOG,1.0,1.0,1,1.0
SIE,TOG,1.0,1.0,1,1.0
SKN,SLU,1.0,1.0,3,0.3333333333333333
SKN,SUR,1.0,1.0,1,1.0
SKN,SVG,1.0,1.0,3,0.3333333333333333
SKN,TRI,1.0,1.0,1,1.0
SKN,URU,1.0,1.0,1,1.0
SKN,USA,0.91,0.8200000000000001,1,1.0
SKN,VEN,1.0,1.0,1,1.0
SLO,UKR,0.91,0.8200000000000001,1,1.0
SLO,UZB,0.91,0.8200000000000001,1,1.0
SLU,SUR,1.0,1.0,1,1.0
SLU,SVG,1.0,1.0,3,0.3333333333333333
SLU,TRI,1.0,1.0,1,1.0
SLU,URU,1.0,1.0,1,1.0
SLU,USA,0.91,0.8200000000000001,1,1.0
SLU,VEN,1.0,1.0,1,1.0
SOM,SUD,1.0,1.0,2,0.5
SOM,SYR,1.0,1.0,2,0.5
SOM,TUN,1.0,1.0,2,0.5
SOM,UAE,1.0,1.0,2,0.5
SOM,YEM,1.0,1.0,2,0.5
SPN,TUR,1.0,1.0,1,1.0
SPN,UKG,1.0,1.0,2,0.5
SPN,USA,0.09,0.8200000000000001,1,1.0
SUD,SYR,1.0,1.0,2,0.5
SUD,TAZ,0.0,1.0,1,1.0
SUD,TUN,1.0,1.0,2,0.5
SUD,UAE,1.0,1.0,2,0.5
SUD,UGA,0.0,1.0,1,1.0
SUD,YEM,1.0,1.0,2,0.5
SUD,ZAM,0.0,1.0,1,1.0
SUR,SVG,1.0,1.0,1,1.0
SUR,TRI,1.0,1.0,1,1.0
SUR,URU,1.0,1.0,1,1.0
SUR,USA,0.91,0.8200000000000001,1,1.0
SUR,VEN,1.0,1.0,1,1.0
SVG,TRI,1.0,1.0,1,1.0
SVG,URU,1.0,1.0,1,1.0
SVG,USA,0.91,0.8200000000000001,1,1.0
SVG,VEN,1.0,1.0,1,1.0
SYR,TUN,1.0,1.0,2,0.5
SYR,UAE,1.0,1.0,2,0.5
SYR,YEM,1.0,1.0,2,0.5
TAJ,TKM,1.0,1.0,2,0.5
TAJ,UKR,1.0,1.0,1,1.0
TAJ,UZB,1.0,1.0,4,0.25
TAZ,UGA,1.0,1.0,1,1.0
TAZ,ZAM,1.0,1.0,1,1.0
TKM,UKR,1.0,1.0,1,1.0
TKM,UZB,1.0,1.0,2,0.5
TRI,URU,1.0,1.0,1,1.0
TRI,USA,0.91,0.8200000000000001,1,1.0
TRI,VEN,1.0,1.0,1,1.0
TUN,UAE,1.0,1.0,2,0.5
TUN,YEM,1.0,1.0,2,0.5
TUR,UKG,1.0,1.0,1,1.0
TUR,USA,0.09,0.8200000000000001,2,0.5
UAE,YEM,1.0,1.0,2,0.5
UGA,ZAM,1.0,1.0,1,1.0
UKG,USA,0.09,0.8200000000000001,1,1.0
UKR,UZB,1.0,1.0,1,1.0
URU,USA,0.91,0.8200000000000001,1,1.0
URU,VEN,1.0,1.0,1,1.0
USA,VEN,0.91,0.8200000000000001,1,1.0
